First Last,First,Last,Company,Domain
Jake Mcneal,Jake,Mcneal,"Greenpoint Ag, Llc",www.greenpointag.com
Jeff House,Jeff,House,"Greenpoint Ag, Llc",www.greenpointag.com
Braedan Badgley,Braedan,Badgley,"Greenpoint Ag, Llc",www.greenpointag.com
Aaron Vaccaro,Aaron,Vaccaro,"Greenpoint Ag, Llc",www.greenpointag.com
Carey Webb,Carey,Webb,"Greenpoint Ag, Llc",www.greenpointag.com
Charles Spurgeon,Charles,Spurgeon,Co-Alliance LLP,www.co-alliance.com
Carl Wagner,Carl,Wagner,Co-Alliance LLP,www.co-alliance.com
Avree Barrett,Avree,Barrett,Co-Alliance LLP,www.co-alliance.com
Ernie Klug,Ernie,Klug,Co-Alliance LLP,www.co-alliance.com
